{
  "seed": 1337,
  "n_samples": 100,
  "v": {
    "normal": {
      "mean": 100,
      "std": 10
    },
    "uniform": {
      "min": 90,
      "max": 110
    }
        },
    "alpha": {
      "normal": {
        "mean": 0.7853981634,
        "std": 0.3490658504
      },
      "uniform": {
        "min": 1.1344640138,
        "max": 0.436332313
      }
    }
}